loss,val_loss
6.342255,5.452744
